index,url,valid,domain,title,description,image,published,archive,content,quote,language,keyword
0,https://economictimes.indiatimes.com/magazines/panache/mukesh-and-nita-ambani-steal-the-show-in-dazzling-ethnic-wear-at-a-wedding-who-is-the-groom-mudit-dani-a-look-at-his-education-qualifications-career/articleshow/122171359.cms,0,economictimes.indiatimes.com,"Mukesh and Nita Ambani steal the show in dazzling ethnic wear at a wedding. Who is the groom, Mudit Dani? A look at his education qualifications, career","The Ambani family, including Nita and Mukesh Ambani, along with their sons, daughters-in-law, and grandchildren, attended table tennis champion Mudit Dani's wedding celebration, showcasing their elegance in traditional Indian attire. Nita Ambani dazzled in an…","https://img.etimg.com/thumb/msid-122171567,width-1200,height-630,imgsize-65598,overlay-etpanache/articleshow.jpg",2025-07-01T02:41:29Z,,The Ambani family turned heads and made a striking appearance at the wedding celebration of renowned table tennis champion Mudit Dani. Nita and Mukesh Ambani were joined by their sonsAkash and Ananta… [+4264 chars],,en,'Mukesh Ambani'
1,https://economictimes.indiatimes.com/markets/stocks/news/solar-a-jio-moment-for-mukesh-ambani-reliance-shares-get-highest-target-price/articleshow/122174860.cms,0,economictimes.indiatimes.com,Solar a Jio moment for Mukesh Ambani? Reliance shares get highest target price,"Nuvama has set the highest target price of Rs 1,801 for Reliance Industries (RIL), betting that solar module production could trigger a re-rating similar to the surge seen after Reliance Jio’s 2017 launch. RIL recently announced its first 1 GW HJT module faci…","https://img.etimg.com/thumb/msid-122174846,width-1200,height-630,imgsize-3500,overlay-etmarkets/articleshow.jpg",2025-07-01T05:51:16Z,,"Betting that the production of solar modules could trigger a re-rating similar to what occurred in 2017 after the launch of Reliance Jio, domestic brokerage firm Nuvama has issued the highest target … [+3229 chars]",,en,'Mukesh Ambani'
2,https://www.cnn.com/2025/07/01/politics/mamdani-new-york-ranked-choice-voting,0,www.cnn.com,Mamdani could clinch Democratic primary when New York City releases ranked-choice results,Democratic mayoral candidate Zohran Mamdani could clinch victory Tuesday when the New York City Board of Elections releases the first look at the ranked...,https://media.zenfs.com/en/cnn_articles_875/55e31bb89b9036525cfa3e6624cab1d7,2025-07-01T09:00:26Z,,Democratic mayoral candidate Zohran Mamdani could clinch victory Tuesday when the New York City Board of Elections releases the first look at the ranked-choice voting results from the June 24 primary… [+3968 chars],,en,'Zohran Mamdani'
3,https://www.catholicnewsagency.com/news/265095/jonathan-roumie-meets-the-pope-there-was-just-a-kindness-on-his-face,0,www.catholicnewsagency.com,Jonathan Roumie meets the pope: ‘There was just a kindness on his face’,"Actor Jonathan Roumie, who portrays Jesus in “The Chosen.” / Credit: EWTN News/Colm Flynn/Screenshot

CNA Staff, Jul 1, 2025 / 06:00 am (CNA).
When Jonathan Roumie, the actor who plays Jesus in “The Chosen,” heard the news of the election of an American-born …",https://www.catholicnewsagency.com/images/jonathanroumieitaly.png?jpg,2025-07-01T10:00:00Z,,"CNA Staff, Jul 1, 2025 /
 06:00 am
When Jonathan Roumie, the actor who plays Jesus in The Chosen, heard the news of the election of an American-born pope, he said he wept because I just never thoug… [+5867 chars]",,en,'Jonathan Roumie'
https://www.uncannymagazine.com/?post_type=article&p=8091,https://www.uncannymagazine.com/?post_type=article&p=8091,0,www.uncannymagazine.com,"Thank You, Patreon Supporters!","Uncanny Magazine would like to thank the following people for supporting us on Patreon. This magazine would not be possible without their support.   Space Unicorn Ranger Corps RECRUITS Yänntzi, Sabrina, fidric, Marie Jackson, Sonny Phillips, Joe Pickering, Wi…",https://www.uncannymagazine.com/wp-content/uploads/2025/06/Issue-65-cover-med-683x1024.jpg,2025-07-01T10:00:08Z,,"Uncanny Magazine would like to thank the following people for supporting us on Patreon. This magazine would not be possible without their support.
Space Unicorn Ranger Corps RECRUITS
Yänntzi, Sabri… [+22172 chars]",,en,'Ethan Bradley'
4,https://freebeacon.com/israel/2046787/,0,freebeacon.com,Trump Admin Demands UN Fire Palestinian Rights Envoy Over ‘Virulent Antisemitism and Support for Terrorism’,"The Trump administration has formally requested that the United Nations (U.N.) remove Francesca Albanese from her role as the special rapporteur on the occupied Palestinian territories, citing her ""virulent antisemitism and support for terrorism"" as well as h…",https://freebeacon.com/wp-content/uploads/2023/11/Screen-Shot-2023-11-07-at-4.27.59-PM.png,2025-07-01T12:00:13Z,,"The Trump administration has formally requested that the United Nations (U.N.) remove Francesca Albanese from her role as the special rapporteur on the occupied Palestinian territories, citing her ""v… [+4570 chars]",,en,'Francesca Albanese'
5,https://gizmodo.com/trump-was-just-asked-if-hell-deport-elon-musk-2000622737,0,gizmodo.com,Trump Was Just Asked If He’ll Deport Elon Musk,"After Musk attacked his signature spending bill, the U.S. president threatened to turn Musk's own government agency, DOGE, into a ""monster"" that would ""go back and eat"" him.",https://gizmodo.com/app/uploads/2025/05/Trump-1200x675.jpg,2025-07-01T14:08:19Z,,"War has now been declared between President Donald Trump and Elon Musk. The alliance between the two powerful men has shattered, and their escalating feud has now reached a stunning new level: Trump … [+2154 chars]",,en,'Elon Musk'
6,https://www.yahoo.com/news/trump-threatens-arrest-nyc-mayoral-144529058.html,0,www.yahoo.com,Trump threatens to arrest NYC mayoral front-runner Zohran Mamdani,President Donald Trump threatened New York state lawmaker Zohran Mamdani with arrest if the presumptive Democratic nominee for New York City mayor defies ICE...,https://s.yimg.com/ny/api/res/1.2/6RWACllm7tOl0Je0FWQDww--/YXBwaWQ9aGlnaGxhbmRlcjt3PTEyMDA7aD02NzU7Y2Y9d2VicA--/https://media.zenfs.com/en/video.abcnewsplus.com/aeaf0b3fdc560635bda92ab893a66995,2025-07-01T14:45:29Z,,President Donald Trump threatened New York state lawmaker Zohran Mamdani with arrest if the presumptive Democratic nominee for New York City mayor defies ICE.,,en,'Donald Trump'
7,https://www.theverge.com/news/695703/trump-elon-musk-deport-threat-doge-subsidies-spending-bill,0,www.theverge.com,Trump says he’ll look into deporting Elon as fight over bill escalates,"Elon Musk and Donald Trump’s dysfunctional cycle of fighting over the president’s “Big Beautiful” domestic policy bill has returned to the spotlight, with the president telling reporters Tuesday morning that “we’ll have to take a look” into deporting the bill…",https://platform.theverge.com/wp-content/uploads/sites/2/2025/07/gettyimages-2203996253.jpg?quality=90&strip=all&crop=0%2C10.732984293194%2C100%2C78.534031413613&w=1200,2025-07-01T15:34:43Z,,"Elon Musk is again threatening to start a new political party and primary Republicans who vote for Trumps budget bill.
Elon Musk and Donald Trumps dysfunctional cycle of fighting over the presidents… [+2168 chars]",,en,'Elon Musk'
8,https://www.businessinsider.com/musk-versus-trump-election-kentucky-next-year-2025-7,0,www.businessinsider.com,There's already a Musk versus Trump election next year,It didn't take long for Trump and Elon Musk to end up on opposite ends of an election.,https://i.insider.com/6863fda085e81483682d1f3f?width=1200&format=jpeg,2025-07-01T16:07:17Z,,"Elon Musk said he would donate to Rep. Thomas Massie, a Kentucky Republican who Trump wants to defeat in a primary next year.Bill Clark/CQ-Roll Call via Getty Images
<ul><li>It didn't take long for … [+1803 chars]",,en,'Elon Musk'
9,http://nymag.com/intelligencer/article/final-nyc-mayor-race-results-show-mamdani-crushed-cuomo.html,0,nymag.com,Official Results Show Mamdani Crushed Cuomo,The final ranked-choice voting tabulation is here and it shows Zohran Mamdani crushed Andrew Cuomo with some major help from Brad Lander.,https://pyxis.nymag.com/v1/imgs/645/150/c0fc81b1129c4c8d06c87dfa83fb848942-zohran-primary-cuomo.1x.rsocial.w1200.jpg,2025-07-01T16:55:00Z,,"On Tuesday, the citys Board of Elections released the final results of the ranked-choice mayoral primary, showing Zohran Mamdani trouncing Andrew Cuomo for the Democratic nomination. Mamdani won 56 p… [+2889 chars]",,en,'Andrew Cuomo'
10,https://gothamist.com/news/rank-choice-ballot-count-gives-zohran-mamdani-even-bigger-win-in-nyc-mayoral-primary,0,gothamist.com,Ranked-choice ballot count gives Zohran Mamdani even bigger win in NYC mayoral primary,"Zohran Mamdani's win in the Democratic primary has prompted hand wringing within the party.
 

The new tally comes as the Democratic Party continues to wrestle with the implications of Mamdani’s historic upset win. [ more › ]",https://api-prod.gothamist.com/images/352153/fill-1200x650|format-webp|webpquality-85/,2025-07-01T17:10:00Z,,"Zohran Mamdanis win in the New York City Democratic mayoral primary was even more dominant than it initially appeared.
A ranked choice tabulation Tuesday showed the Queens assemblymember reached 56%… [+3382 chars]",,en,'Andrew Cuomo'
11,https://www.aljazeera.com/news/2025/7/1/un-report-lists-companies-complicit-in-israels-genocide-who-are-they,0,www.aljazeera.com,UN report lists companies complicit in Israel’s ‘genocide’: Who are they?,UN Special Rapporteur Francesca Albanese has named several US giants among the companies aiding Israel.,https://www.aljazeera.com/wp-content/uploads/2023/12/Albanese-1703619792.jpg?resize=1920%2C1440,2025-07-01T17:20:39Z,,The United Nations special rapporteur on the situation of human rights in the occupied Palestinian territory (oPt) has released a new report mapping the corporations aiding Israel in the displacement… [+8441 chars],,en,'Francesca Albanese'
12,https://www.abc.net.au/news/2025-07-02/iran-us-relationship-history/105457754,0,www.abc.net.au,'This won't be the end of the animosity': The story of 13 US presidents and Iran,"As the world waits to see if Donald Trump's talks will go ahead, look back at how previous US presidents have handled Iran.",https://live-production.wcms.abc-cdn.net.au/7ba72bdb02ca6141777f85be69581fc3?impolicy=wcms_watermark_news&cropH=1382&cropW=2456&xPos=199&yPos=625&width=862&height=485&imformat=generic,2025-07-01T18:37:05Z,,"The United States and Iran, over the past seven decades, have been friends, foes, and sometimes even frenemies.
Their history involves threats of regime change, proxy warfare, secret arms deals, und… [+27231 chars]",,en,'Ayatollah Khomeini'
13,https://mondoweiss.net/2025/07/the-biggest-loser-besides-cuomo-in-the-ny-mayoral-race-was-the-new-york-times/,0,mondoweiss.net,The biggest loser besides Cuomo in the NY mayoral race was The New York Times,The New York Times completely failed in its effort to upend Zohran Mamdani. They are unable to understand his wide support because they refuse to acknowledge the rage surging through the Democratic base over Israel's genocide in Gaza.,https://mondoweiss.net/wp-content/uploads/2025/07/2079563443_02b2a5ef39_k-scaled.jpg,2025-07-01T19:32:00Z,,The biggest loser besides Cuomo in the NY mayoral race was The New York Times. The newspaper reversed its own policy against endorsements and threw its weight behind Brad Lander in the primary and sa… [+5275 chars],,en,'Francesca Albanese'
14,https://www.catholicnewsagency.com/news/265117/bishops-invite-pope-leo-xiv-to-visit-peru-his-presence-will-renew-the-hope-of-our-people,0,www.catholicnewsagency.com,Bishops invite Pope Leo to visit Peru: ‘His presence will renew the hope of our people’,"A delegation of Peruvian bishops greets Pope Leo XIV, inviting him to visit Peru, during an audience on June 30, 2025, at the Vatican. / Credit: Peruvian Episcopal Conference

ACI Prensa Staff, Jul 1, 2025 / 15:47 pm (CNA).
The Peruvian bishops have officiall…",https://www.catholicnewsagency.com/images/perubishopspopeleo070125.jpeg?jpg,2025-07-01T19:47:00Z,,"ACI Prensa Staff, Jul 1, 2025 /
 15:47 pm
The Peruvian bishops have officially invited Pope Leo XIV to visit Peru, assuring him that his presence will renew the hope of our people.
According to a … [+2346 chars]",,en,'Pope Leo'
15,https://abcnews.go.com/Politics/lara-trump-roy-cooper-mix-tillis-retirement-ignites/story?id=123385729,0,abcnews.go.com,"Lara Trump, Roy Cooper in the mix as Tillis retirement ignites fierce NC Senate race","Sen. Thom Tillis’ decision not to seek reelection is jolting what was already expected to be a fierce battle for his seat, which will now be wide open in 2026.",https://i.abcnewsfe.com/a/514644b6-c493-4d71-a02a-a8b2fefec858/thom-tillis-epa-jef-250701_1751382980582_hpMain_16x9.jpg?w=1600,2025-07-01T20:59:45Z,,"Republican Sen. Thom Tillis' decision not to seek reelection is jolting what was already expected to be a fierce battle in North Carolina to either challenge him or flip his seat, which will now be w… [+6634 chars]",,en,'Zohran Mamdani'
16,https://original.antiwar.com/srichman/2025/07/01/the-us-empires-72-year-war-on-iran/,0,original.antiwar.com,The US Empire’s 72-Year War on Iran,"The likely temporary Israel-Iran ceasefire notwithstanding, if you need proof of how despicable Donald Trump is, consider this: When asked last week if he would ask Israeli Prime Minister Netanyahu to stop bombing Iran, which had already said it would stop re…",https://original.antiwar.com/wp-content/uploads/2025/04/iran-target2.jpg,2025-07-02T00:00:49Z,,"The likely temporary Israel-Iran ceasefire notwithstanding, if you need proof of how despicable Donald Trump is, consider this:
When asked last week if he would ask Israeli Prime Minister Netanyahu … [+9518 chars]",,en,'Donald Trump'
17,https://gizmodo.com/internet-alpha-males-want-white-america-to-fear-zohran-mamdani-2000623086,0,gizmodo.com,Internet Alpha Males Want White America to Fear Zohran Mamdani,"Masculinity influencers, far-right voices, and conservative billionaires are flooding the internet with attacks on Mamdani, not for what he’s done but for what he represents.",https://gizmodo.com/app/uploads/2025/07/Zohran-Mamdani-1200x675.jpg,2025-07-02T00:04:04Z,,"Zohran Mamdani will have to get used to it. The Democratic candidate for mayor of New York City hasnt even won the general election, but hes already become public enemy number one in the online manos… [+5687 chars]",,en,'Zohran Mamdani'
18,https://www.businessinsider.com/donald-trump-elon-musk-restart-feud-over-big-beautiful-bill-2025-7,0,www.businessinsider.com,The play-by-play of the 24-hour war of words between Elon Musk and Donald Trump,"Here are the key quotes to understand how the past 24 hours (and counting) unfolded between the president and Elon Musk over the Big, Beautiful Bill.",https://i.insider.com/686458b385e81483682d2da7?width=1200&format=jpeg,2025-07-02T03:22:31Z,,"The détente between two of the world's most powerful men did not hold.
After their very public fallout over President Donald Trump's Big, Beautiful Bill in early June, Elon Musk, the former face of … [+3596 chars]",,en,'Elon Musk'
19,https://www.businessinsider.com/elon-musk-doge-chainsaw-cpac-lacked-empathy-2025-7,0,www.businessinsider.com,Elon Musk says his DOGE chainsaw stunt onstage 'lacked empathy',"""Milei gave me the chainsaw backstage and I ran with it,"" Musk wrote on X.",https://i.insider.com/6864a9bd3d5881a51c1c8097?width=1200&format=jpeg,2025-07-02T04:29:22Z,,"Elon Musk waved a chainsaw around at CPAC in February.Nathan Howard/REUTERS
<ul><li>Elon Musk said that wielding a chainsaw at CPAC ""lacked empathy.""</li><li>""Milei gave me the chainsaw backstage an… [+2716 chars]",,en,'Elon Musk'
20,https://economictimes.indiatimes.com/news/new-updates/ayatollah-khameneis-banner-put-up-by-iranian-community-removed-after-bajrang-dal-protests-in-pune/articleshow/122202591.cms,0,economictimes.indiatimes.com,"Ayatollah Khamenei's banner, put up by Iranian community, removed after Bajrang Dal protests in Pune","In Pune's Loni Kalbhor, a banner featuring Iranian leaders Ayatollah Ali Khamenei and Ruhollah Khomeini was removed following objections from Bajrang Dal activists. The group cited the absence of prior permission and questioned the banner's timing amidst Iran…","https://img.etimg.com/thumb/msid-122202752,width-1200,height-630,imgsize-29828,overlay-economictimes/articleshow.jpg",2025-07-02T09:32:17Z,,"A banner featuring Irans Supreme Leader Ayatollah Ali Khamenei and his predecessor, Ayatollah Ruhollah Khomeini was taken down in Punes Loni Kalbhor village, after Bajrang Dal activists raised object… [+1692 chars]",,en,'Ayatollah Khomeini'
21,https://www.jewishnews.co.uk/trump-administration-accuses-un-palestinian-rights-envoy-of-support-for-terrorism/,0,www.jewishnews.co.uk,Trump administration accuses UN Palestinian rights envoy of ‘support for terrorism’,"Pro-Israel groups have regularly accused Francesca Albanese, the U.N. rapporteur on Palestinian rights, of anti-Israel and even antisemitic bias",https://static.jewishnews.co.uk/jewishnews/uploads/2024/03/2T75X4B.jpg,2025-07-02T10:49:10Z,,"The Trump administration has called on the United Nations to remove Francesca Albanese, the U.N. rapporteur on Palestinian rights, alleging virulent antisemitism and support for terrorism, according … [+2511 chars]",,en,'Francesca Albanese'
22,https://www.huffpost.com/entry/un-expert-report-companies-sustain-israel-gaza_n_68656f3de4b0c546723f6dbc,0,www.huffpost.com,"'Lucrative' Business Deals Help Sustain Israel's Destruction Of Gaza, UN Expert Says","A report by Francesca Albanese named more than 60 companies, including arms firms, that she said are involved in Israel's ""genocidal campaign,""",https://img.huffingtonpost.com/asset/6865762814000089ccd0d1b9.jpeg?cache=TpH19ahAka&ops=1200_630,2025-07-02T18:14:33Z,,"GENEVA, July 1 (Reuters) - A U.N. expert has named over 60 companies, including major arms manufacturers and technology firms, in a report alleging their involvement in supporting Israeli settlements… [+5842 chars]",,en,'Francesca Albanese'
23,https://www.businessinsider.com/tesla-stock-price-elon-musk-trump-tsla-prediction-ross-gerber-2025-7,0,www.businessinsider.com,"The latest Musk-Trump feud is a 'nail in the coffin' moment for Tesla, investor Ross Gerber says","Elon Musk reigniting his feud with the president is ""stupid,"" according to longtime Tesla investor Ross Gerber.",https://i.insider.com/686558b685e81483682d3a2a?width=1200&format=jpeg,2025-07-02T19:18:59Z,,"Elon Musk and Donald Trump in a Tesla outside the White House in March 2025.Jabin Botsford/The Washington Post/Getty Images
<ul><li>Tesla is threatened by Musk's fight with Trump, longtime investor … [+4394 chars]",,en,'Elon Musk'
24,http://www.billboard.com/lists/miley-cyrus-hollywood-walk-of-fame-star-2025-honorees-list/,0,www.billboard.com,Miley Cyrus to Get Star on Hollywood Walk of Fame: Full 2025-26 List,"Miley Cyrus, Josh Groban, Shaquille O’Neal and more are selected for Hollywood Walk of Fame. Here's the full list of 2025-26 Honorees",https://www.billboard.com/wp-content/uploads/2025/03/oscars-parties-miley-cyrus-2025-billboard-1548.jpg?w=1024,2025-07-02T19:30:00Z,,"Miley Cyrus, Josh Groban, Lyle Lovett and Bone Thugs-N-Harmony are among the music stars who are set to receive stars on the Hollywood Walk of Fame in the coming year. They, along with 31 other names… [+3981 chars]",,en,'Miley Cyrus'
25,https://www.dw.com/en/von-der-leyens-european-commission-faces-no-confidence-vote/a-73128322,0,www.dw.com,Von der Leyen's European Commission faces no-confidence vote,Messages over COVID vaccines have cast a shadow over Ursula von der Leyen's presidency of the European Commission and the Commission's commitment to transparency.,https://static.dw.com/image/73060275_6.jpg,2025-07-02T20:44:00Z,,"The European Commission under President Ursula von der Leyen will face a European Parliament no-confidence vote next week.
Parliament President Roberta Metsola informed parliamentary group leaders o… [+1633 chars]",,en,'Ursula von der Leyen'
26,https://www.dw.com/en/von-der-leyen-faces-no-confidence-vote-in-european-parliament/a-73128322,0,www.dw.com,Von der Leyen faces no-confidence vote in European Parliament,Messages over COVID vaccines have cast a shadow over Ursula von der Leyen's presidency and the European Commission's commitment to transparency. The European Commission under President Ursula von der Leyen will face a European Parliament no-confidence vote ne…,https://static.dw.com/image/73060275_6.jpg,2025-07-02T20:44:00Z,,"The European Commission under President Ursula von der Leyen will face a European Parliament no-confidence vote next week.
Parliament President Roberta Metsola informed parliamentary group leaders o… [+1621 chars]",,en,'Ursula von der Leyen'
27,https://www.businessinsider.com/elon-musk-threats-big-beautiful-bill-republicans-2025-7,0,www.businessinsider.com,Elon Musk is threatening their political careers. Republicans say they aren't sweating it.,"Elon Musk said he'd go after anyone who voted for Trump's ""Big Beautiful Bill."" Republicans on Capitol Hill say they aren't worried about it.",https://i.insider.com/686556e8f748d8c055f4d2de?width=1200&format=jpeg,2025-07-02T20:49:06Z,,"Elon Musk said he'd end the political careers of anyone who voted for Trump's ""Big Beautiful Bill."" No one's really worried about it.Reuters/Nathan Howard
<ul><li>Elon Musk threatened to primary pol… [+3517 chars]",,en,'Elon Musk'
28,https://www.vox.com/politics/418626/zohran-mamdani-new-york-city-mayor-socialist-agenda,0,www.vox.com,Zohran Mamdani’s not-so-radical agenda,"Last week, New York State Assembly member Zohran Mamdani sent shockwaves through the political establishment after he clinched the Democratic nomination for New York City mayor. Mamdani, a self-described democratic socialist, defeated a crowded field, which i…",https://platform.vox.com/wp-content/uploads/sites/2/2025/07/gettyimages-2216162495.jpg?quality=90&strip=all&crop=0%2C10.729057198914%2C100%2C78.541885602173&w=1200,2025-07-02T21:03:41Z,,"Zohran Mamdani’s policy ideas might not always be the answer voters are looking for, but the dignity underlying his whole agenda is. | Madison Swart/Hans Luca /AFP via Getty Images


Last week, New … [+11110 chars]",,en,'Zohran Mamdani'
29,https://www.catholicnewsagency.com/news/265141/pope-leo-xivs-hometown-votes-to-purchase-his-childhood-home,0,www.catholicnewsagency.com,Pope Leo XIV’s hometown votes to purchase his childhood home,"The childhood home of Pope Leo XIV in Dolton, Illinois. / Credit: “EWTN News in Depth”/Screenshot

CNA Staff, Jul 2, 2025 / 17:17 pm (CNA).
In a unanimous vote at a special board meeting held on July 1, the village council of Dolton, Illinois, voted to purcha…",https://www.catholicnewsagency.com/images/boyhood.home.jpg?jpg,2025-07-02T21:17:00Z,,"CNA Staff, Jul 2, 2025 /
 17:17 pm
In a unanimous vote at a special board meeting held on July 1, the village council of Dolton, Illinois, voted to purchase the childhood home of the first U.S.-bor… [+4393 chars]",,en,'nan nan'
30,https://freebeacon.com/national-security/iranian-leadership-issues-death-warrants-for-trump-netanyahu/,0,freebeacon.com,"Iranian Leadership Issues Death Warrants for Trump, Netanyahu","Iran’s clerical leadership recently issued two new fatwas—or religious edicts—authorizing the assassination of President Donald Trump and Israeli prime minister Benjamin Netanyahu, deeming them enemies of Islam. Both decrees also make it substantially easier …",https://freebeacon.com/wp-content/uploads/2017/09/Netanyahu-Trump.jpg,2025-07-02T23:15:09Z,,"Irans clerical leadership recently issued two new fatwasor religious edictsauthorizing the assassination of President Donald Trump and Israeli prime minister Benjamin Netanyahu, deeming them enemies … [+4609 chars]",,en,'Ayatollah Khomeini'
31,https://economictimes.indiatimes.com/magazines/panache/a-star-is-bornagain-deepika-padukone-makes-history-as-the-first-indian-actress-on-hollywood-walk-of-fame/articleshow/122217632.cms,0,economictimes.indiatimes.com,A star is born—again: Deepika Padukone makes history as the first Indian actress on Hollywood Walk of Fame,"Deepika Padukone is set to make history as the first Indian actress to receive a star on the Hollywood Walk of Fame in 2026. This honor recognizes her significant contributions to global cinema, placing her alongside other celebrated actors like Emily Blunt a…","https://img.etimg.com/thumb/msid-122217736,width-1200,height-630,imgsize-40318,overlay-etpanache/articleshow.jpg",2025-07-03T03:35:01Z,,Deepika Padukone is set to create history as she becomes the first Indian actress to be honoured with a star on the prestigious Hollywood Walk of Fame. The honour marks a significant milestone not ju… [+2360 chars],,en,'Robin Roberts'
32,https://www.businessinsider.com/zohran-mamdani-free-bus-kansas-city-new-york-city-2025-7,0,www.businessinsider.com,Kansas City tried one of Zohran Mamdani's big ideas for NYC. Here's how it could change riding the bus in the Big Apple.,"New York's Democratic nominee for mayor, Zohran Mamdani, has pledged to make NYC's public buses free. It's not a totally new idea.",https://i.insider.com/6865823ff748d8c055f4da5c?width=1200&format=jpeg,2025-07-03T08:08:01Z,,"Zohran Mamdani proposed making NYC buses free.Selcuk Acar/Getty Images
<ul><li>Zohran Mamdani is running for mayor in NYC on a few key policies, including free public buses.</li><li>Fare-free buses … [+6374 chars]",,en,'Zohran Mamdani'
33,https://www.ndtvprofit.com/markets/reliance-to-spin-off-consumer-goods-brands-ahead-of-retail-ipo,0,www.ndtvprofit.com,Reliance To Spin Off Consumer Goods Brands Ahead Of Retail IPO,Reliance Industries Ltd. is transferring all its consumer goods brands to a new wholly-owned subsidiary as the billionaire Mukesh Ambani-led oil-to-telecom conglomerate readies for an initial public offering for its retail business.,https://media.assettype.com/bloombergquint%2F2025-04-29%2F5nqfo216%2FIMG20250128195841086HDR.jpg?rect=0%2C16%2C3655%2C1919&w=1200&auto=format%2Ccompress&ogImage=true,2025-07-03T08:42:44Z,,Reliance Industries Ltd. is transferring all its consumer goods brands to a new wholly-owned subsidiary as the billionaire Mukesh Ambani-led oil-to-telecom conglomerate readies for an initial public … [+1463 chars],,en,'Mukesh Ambani'
34,https://www.highsnobiety.com/p/berlin-fashion-week-intervention-ss26/,0,www.highsnobiety.com,Berlin Designers’ Moodboards Were a Mix of David Beckham & Dragon-Slaying,"At Berlin Fashion Week, Reference Studios’ INTERVENTION delivered a curated showcase of some of the city's finest talent, including GmbH, Ottolinger, and more.",https://www.highsnobiety.com/static-assets/dato/1751548100-dk_ss26_backstage-leftgoesright_by_harrymiller_for_bfw-p3a4691.jpg,2025-07-03T13:27:02Z,,"At Berlin Fashion Week, Reference Studios INTERVENTION series delivered a tightly curated showcase of some of the city's finest talent. Both new and established designers set runways alight, with cre… [+2690 chars]",,en,'David Beckham'
35,https://www.livemint.com/companies/reliance-to-transfer-consumer-brands-to-new-subsidiary-ahead-of-retail-ipo-11751552322676.html,0,www.livemint.com,Reliance to transfer consumer brands to new subsidiary ahead of retail IPO,Reliance Industries Ltd. is transferring all its consumer goods brands to a new wholly-owned subsidiary as the billionaire Mukesh Ambani-led oil-to-telecom conglomerate readies for an initial public offering for its retail business.,https://www.livemint.com/lm-img/img/2025/07/03/1600x900/im-51540353_1750229769894_1751553462569.jpg,2025-07-03T14:41:48Z,,Reliance Industries Ltd is transferring all its consumer goods brands to a new wholly-owned subsidiary as the billionaire Mukesh Ambani-led oil-to-telecom conglomerate readies for an initial public o… [+1464 chars],,en,'Mukesh Ambani'
36,https://freerepublic.com/focus/f-chat/4326690/posts,0,freerepublic.com,Erdogan says Trump would join Ukraine peace talks in Turkey if Putin attends,"Turkish President Tayyip Erdogan said his U.S. counterpart Donald Trump told him he would attend potential peace talks between the leaders of Ukraine and Russia in Turkey, if Russian President Vladimir Putin also agreed to take part. On his return flight from…",,2025-07-03T15:46:43Z,,"Skip to comments.
Erdogan says Trump would join Ukraine peace talks in Turkey if Putin attendsReuters ^
 | 6/26/2025
 | Tuvan Gumrukcu
Posted on 07/03/2025 8:46:43 AM PDT by marcusmaximus
Turkis… [+5719 chars]",,en,'Mohammad Mustafa'
37,https://www.businessinsider.com/ken-griffin-220-central-park-south-zohran-mamdani-property-taxes-2025-7,0,www.businessinsider.com,Ken Griffin owns NYC's priciest condo. Mamdani wants to hike his property tax — and others.,Zohran Mamdani wants Ken Griffin to pay more tax on his Central Park penthouse. We break down what it means for homeowners from Brooklyn to Queens.,https://i.insider.com/686692d63d5881a51c1ca41b?width=1200&format=jpeg,2025-07-03T15:49:19Z,,"220 Central Park WestRBL/Bauer-Griffin/GC Images
<ul><li>NYC's mayoral frontrunner has a plan to overhaul the city's property tax system.</li><li>It involves an analysis of billionaire Ken Griffin's… [+5074 chars]",,en,'Zohran Mamdani'
38,https://blavity.com/entertainment/keith-david-hollywood-walk-of-fame-reaction,0,blavity.com,Keith David Moved To Tears After Being Surprised With Hollywood Walk Of Fame Announcement - Blavity,"Keith David is among 35 other celebrities, including Miley Cyrus, Shaquille O’Neal, Rachel McAdams, and more. The official date for the 2026 Hollywood Walk of Fame Ceremony has yet to be announced.",https://cms.blavity.com/wp-content/uploads/2025/07/GettyImages-2028797666.jpg,2025-07-03T20:15:05Z,,"Keith David received quite an early birthday surprise during the Hollywood Walk of Fame Class of 2026 announcement event held on Wednesday.
According to The Wrap, the actor learned that he’ll receiv… [+2247 chars]",,en,'Miley Cyrus'
39,https://www.counterpunch.org/2025/07/04/profiting-from-genocide/,0,www.counterpunch.org,Profiting From Genocide,"War is a business. So is genocide. The latest report submitted by Francesca Albanese, Special Rapporteur on the Occupied Palestinian Territories, lists 48 corporations and institutions, including Palantir Technologies Inc., Lockheed Martin, Alphabet Inc., Ama…",https://www.counterpunch.org/wp-content/uploads/2021/06/cp-default-share.png,2025-07-04T05:53:48Z,,"War is a business. So is genocide. The latest report submitted by Francesca Albanese, Special Rapporteur on the Occupied Palestinian Territories, lists 48 corporations and institutions, including Pal… [+17506 chars]",,en,'Francesca Albanese'
40,https://www.globalsecurity.org/security/library/news/2025/07/sec-250703-treasury01.htm,0,www.globalsecurity.org,Treasury Sanctions Hizballah Financial Officials,"Today, the Department of the Treasury's Office of Foreign Assets Control (OFAC) is sanctioning seven senior officials and one entity associated with the Hizballah-controlled financial institution Al-Qard Al-Hassan (AQAH), which was designated by OFAC in 2007.…",,2025-07-04T06:51:24Z,,"U.S. Department of the Treasury
July 3, 2025 
WASHINGTON -- Today, the Department of the Treasury's Office of Foreign Assets Control (OFAC) is sanctioning seven senior officials and one entity asso… [+9072 chars]",,en,'Mahmud Abbas'
41,https://www.businessinsider.com/ceo-peter-beck-spacex-rival-rocket-lab-competition-2025-6,0,www.businessinsider.com,The CEO of a key SpaceX rival says customers are drawn to his company because it's 'even-keeled',"With Elon Musk on the political outskirts, Rocket Lab CEO Peter Beck told BI customers value his company's simple focus on rockets and satellites.",https://i.insider.com/6862bfb63d5881a51c1c5e59?width=1200&format=jpeg,2025-07-04T09:37:02Z,,"Peter Beck said private and public customers value his company's focus.Rocket Lab
<ul><li>Rocket Lab CEO Peter Beck said customers know his company ""just builds rockets and satellites.""</li><li>Rock… [+2999 chars]",,en,'Elon Musk'
42,https://www.businessinsider.com/billionaire-weddings-summer-calendar-jeff-bezos-alex-soros-eve-jobs-2025-7,0,www.businessinsider.com,Weddings are a must-attend on the billionaire social calendar for the summer,"With the nuptials of Jeff Bezos and Alex Soros, weddings have become must-attend events for billionaires to see and be seen.",https://i.insider.com/68642efd3d5881a51c1c7893?width=1200&format=jpeg,2025-07-04T10:45:01Z,,"Jeff Bezos and Lauren Sánchez tied the knot in a star-studded wedding in Venice.AP Photo/Luca Bruno
<ul><li>The billionaire social calendar for the summer includes more than Sun Valley and the Hampt… [+1950 chars]",,en,'Anant Ambani'
43,https://abcnews.go.com/Lifestyle/video/remembering-real-uncle-sam-independence-day-123476546,0,abcnews.go.com,WATCH: Remembering the Real ‘Uncle Sam’ on Independence Day,"Uncle Sam, long a symbol of the U.S. government, was inspired by a real person — Sam Wilson, a meatpacker from Troy, New York, born in 1766.",https://i.abcnewsfe.com/a/434e21bd-ff54-416e-b270-f4c1c6d3f3a6/250704_GMAFL_RealUncleSam_hpMain_16x9.jpg?w=992,2025-07-04T11:19:36Z,,"<ul><li>Trump takes megabill victory lap during Iowa rally
</li><li>Remembering the Real Uncle Sam on Independence Day
</li><li>Major victory for Trump after House passes mega spending bill
</li><… [+4432 chars]",,en,'Robin Roberts'
44,https://www.businessinsider.com/marc-andreessen-us-needs-ai-era-factories-boost-economy-china-2025-7,0,www.businessinsider.com,"The US needs to reinvent manufacturing for the AI age, or risk losing out to China, Marc Andreessen warns","Marc Andreesen called for massive investment in ""alien dreadnought"" factories, a term Elon Musk has repeatedly used in reference to Tesla's robots.",https://i.insider.com/6867a35b85e81483682d682c?width=1200&format=jpeg,2025-07-04T11:35:36Z,,"Marc Andreessen urged policymakers to reimagine factories not as relics of the past, but as engines of America's AI future.Costfoto/NurPhoto via Reuters
<ul><li>Marc Andreessen says the US must lead… [+4104 chars]",,en,'Elon Musk'
45,https://www.eonline.com/news/1419459/victoria-beckham-praises-her-david-beckhams-kids-on-anniversary,0,www.eonline.com,"Victoria Beckham Praises Her, David Beckham's Kids Amid Family Feud","Victoria Beckham is celebrating the life she and David Beckham created together. 
As the couple commemorated their 26th wedding anniversary July 4, the fashion designer shared a sweet message...","https://akns-images.eonline.com/eol_images/Entire_Site/2023623/rs_1200x1200-230723164127-1200-victoria-david-beckham-instagram-cjh-072123.jpg?fit=around%7C1080:1080&output-quality=90&crop=1080:1080;center,top",2025-07-04T12:57:00Z,,"More recent fuel for the wedding drama fire: The newlyweds first dance didnt go as expected, and its extremely unclear why it went down as it allegedly did.
Brooklyn and Nicola were under the impres… [+1070 chars]",,en,'David Beckham'
46,https://gizmodo.com/zuckerberg-was-wrong-about-the-metaverse-can-we-really-trust-him-with-superintelligent-ai-2000624294,0,gizmodo.com,Zuckerberg Was Wrong About the Metaverse. Can We Really Trust Him With Superintelligent AI?,"After sinking billions into a virtual fantasy that flopped, Mark Zuckerberg now claims he’s leading the charge toward superintelligent AI. But this time, the stakes are real, and so is the power grab.",https://gizmodo.com/app/uploads/2024/10/mark-zuckberberg-getty.jpg,2025-07-04T13:16:01Z,,"Mark Zuckerberg once sold us the metaverse. Now he wants us to believe hes going to lead us into the age of superintelligence. Should we fall for it again?
Elon Musk once called him “Zuck the Fourte… [+4091 chars]",,en,'Mark Zuckerberg'
47,https://gizmodo.com/elon-musk-rekindles-trump-criticism-attacks-big-beautiful-bill-2000624326,0,gizmodo.com,"Elon Musk Rekindles Trump Criticism, Attacks ‘Big, Beautiful Bill’",He's mad about adding to the debt but seems fine with kicking people off of healthcare.,https://gizmodo.com/app/uploads/2025/03/Elon-Musk-Donald-Trump-March-22-2025-GettyImages-2206428974-copy-1200x675.jpg,2025-07-04T18:43:16Z,,The long-simmering feud between President Donald Trump and his former ‘first buddy’ Elon Musk is showing signs of boiling over once more. Following the passing of Trump’s signature One Big Beautiful … [+2415 chars],,en,'Elon Musk'
48,https://www.eonline.com/news/1419469/stephen-baldwin-praises-hailey-biebers-marriage-to-justin-bieber,0,www.eonline.com,Why Stephen Baldwin Is “Blessed” By Justin & Hailey Bieber’s Marriage,"Stephen Baldwin is saluting his son-in-law Justin Bieber.
The Usual Suspects star—who is dad to Justin’s wife Hailey Bieber—complimented the “Somebody to Love” singer as well as his daughter Alaia...","https://akns-images.eonline.com/eol_images/Entire_Site/20250704/ef016af3-4611-4896-bba0-22e4b24fbbe9_1751655202.jpg?fit=around%7C1080:1080&output-quality=90&crop=1080:1080;center,top",2025-07-04T18:59:34Z,,"Stephen Baldwin is saluting his son-in-law Justin Bieber
.
The Usual Suspects starwho is dad to Justins wife Hailey Bieber
complimented the Somebody to Love singer as well as his daughter Alaia Ba… [+774 chars]",,en,'Justin Bieber'
49,https://gizmodo.com/as-trumps-bill-becomes-law-elon-musk-teases-political-fireworks-2000624360,0,gizmodo.com,"As Trump’s “Big, Beautiful Bill” Becomes Law, Elon Musk Teases “Fireworks”","The billionaire teases ""fireworks""as Trump prepares to sign his signature bill.",https://gizmodo.com/app/uploads/2025/03/elon-musk-frown-face-GettyImages-2203703329-copy-1200x675.jpg,2025-07-04T19:15:19Z,,"Elon Musk, the worlds richest man, spent the Fourth of July doing what he does best: stirring speculation, igniting controversy, and hinting at big political movesall from behind a keyboard.
The Tes… [+4955 chars]",,en,'Elon Musk'
50,https://biztoc.com/x/14020144f614eeb6,0,biztoc.com,Elon Musk and Sam Altman have something else in common: Dissatisfaction with politics,"Tech leaders Elon Musk and Sam Altman have gripes about US politics, despite their long-running feud.
Steve Granitz/Getty Images; Denis Balibouse/REUTERS
Archrivals Elon Musk and Sam Altman may have found something to bond over.
The two tech billionaires are …",https://biztoc.com/cdn/14020144f614eeb6_s.webp,2025-07-04T19:19:24Z,,"Tech leaders Elon Musk and Sam Altman have gripes about US politics, despite their long-running feud.Steve Granitz/Getty Images; Denis Balibouse/REUTERSArchrivals Elon Musk and Sam Altman may have fo… [+147 chars]",,en,'Elon Musk'
51,https://oilprice.com/Energy/Energy-General/Starlinks-Role-in-US-Satellite-Superiority.html,0,oilprice.com,Starlink's Role in U.S. Satellite Superiority,"Donald Trump has launched a fresh attack on Elon Musk, declaring that Doge, Musk’s cost-cutting body, is “the monster” that “that might have to go back and eat Elon”. On Truth Social on Monday, he continued: “Elon may get more subsidy than any human being in …",https://d32r1sh890xpii.cloudfront.net/article/718x300/2025-07-04_ckpam75yx8.jpg,2025-07-04T20:00:00Z,,"The 2025 Statistical Review of…
As Iran-Israel tensions subside, regional…
China is increasingly integrating artificial…
By City A.M - Jul 04, 2025, 3:00 PM CDTDonald Trump has launched a fresh at… [+5535 chars]",,en,'Elon Musk'
52,https://gizmodo.com/sam-altman-feels-politically-homeless-as-frenemy-musk-proposes-third-party-2000624379,0,gizmodo.com,Sam Altman Feels ‘Politically Homeless’ As Frenemy Musk Proposes Third Party,Politics can make for strange bedfellows.,https://gizmodo.com/app/uploads/2024/12/openai-corporate-transition.jpg,2025-07-04T20:14:08Z,,"Sam Altman is grappling with his political alignment. The 40-year-old CEO of OpenAI, like many of his fellow tech executives in recent years, has expressed that he does not feel at home in the Democr… [+4274 chars]",,en,'Sam H'
53,https://www.channelnewsasia.com/world/trump-sign-big-beautiful-bill-us-independence-day-5221476,0,www.channelnewsasia.com,"Trump to sign 'big, beautiful' bill on US Independence Day","Donald Trump pushed Republican lawmakers to get his unpopular ""One Big Beautiful Bill"" through a reluctant Congress in time for him to sign it into law on the US national holiday, and they did so with a day to spare Thursday.","https://dam.mediacorp.sg/image/upload/s--khi2w7zs--/fl_relative,g_south_east,l_mediacorp:cna:watermark:2024-04:reuters_1,w_0.1/f_auto,q_auto/c_fill,g_auto,h_676,w_1200/v1/one-cms/core/2025-07-02t211002z_2_lynxmpel6111w_rtroptp_3_usa-congress-tax-courts.jpg?itok=4rkuwFQJ",2025-07-04T20:37:09Z,,"Trump forced through the bill despite deep misgivings in the Republican Party, and the vocal opposition of his billionaire former ally, Elon Musk.
It squeezed past a final vote in the House of Repre… [+1239 chars]",,en,'Donald Trump'
54,https://www.wnd.com/2025/07/can-elon-musk-shatter-americas-2-party-system/,0,www.wnd.com,Can Elon Musk shatter America’s 2-party system?,Viable 3rd party is great white whale of U.S. politics,https://www.wnd.com/wp-content/uploads/2025/02/elon_musk_air-force-photo.jpg,2025-07-04T20:46:04Z,,"Elon Musk
A viable third party is the great white whale of American politics but Elon Musk appears willing to try it anyway.
Frustrated by Republican lawmakers’ support for the Big Beautiful Bill, … [+6887 chars]",,en,'Elon Musk'
55,https://biztoc.com/x/20ba4516a406f657,0,biztoc.com,"Musk: Bannon will go back to prison, for a long time","Tech mogul and billionaire Elon Musk harshly replied on Friday to United States President Donald Trump's former aide, Steve Bannon, who called for his deportation, by stating he would ""go back to pris...",https://biztoc.com/cdn/20ba4516a406f657_s.webp,2025-07-04T20:48:20Z,,"Tech mogul and billionaire Elon Musk harshly replied on Friday to United States President Donald Trump's former aide, Steve Bannon, who called for his deportation, by stating he would ""go back to pri… [+69 chars]",,en,'Elon Musk'
56,https://biztoc.com/x/03cf66d0ffffa28f,0,biztoc.com,In charts: How Elon Musk oversaw Tesla’s historic decline,"Tesla has bucked industry trends by recording a second straight drop in sales amid a booming electric vehicle market.
The company reported on Wednesday that customer deliveries had fallen by 14 per cent in the second quarter of the year, marking the worst qua…",https://biztoc.com/cdn/03cf66d0ffffa28f_s.webp,2025-07-04T21:32:36Z,,Tesla has bucked industry trends by recording a second straight drop in sales amid a booming electric vehicle market.The company reported on Wednesday that customer deliveries had fallen by 14 per ce… [+155 chars],,en,'Elon Musk'
57,https://economictimes.indiatimes.com/news/international/us/elon-musk-unveils-ambitious-america-party-plan-to-disrupt-us-congress/articleshow/122257703.cms,0,economictimes.indiatimes.com,Elon Musk unveils ambitious ‘America Party’ plan to disrupt US Congress,"Elon Musk has announced the formation of the ""America Party,"" strategically targeting key Senate and House seats in the upcoming elections. This move stems from his dissatisfaction with the current political landscape and a feud with Donald Trump over fiscal …","https://img.etimg.com/thumb/msid-122257705,width-1200,height-630,imgsize-32264,overlay-economictimes/articleshow.jpg",2025-07-04T21:52:42Z,,"In a bold move that could reshape the American political landscape, billionaire entrepreneur Elon Musk has announced plans to launch a new third partytentatively dubbed the America Partywith a laser-… [+2853 chars]",,en,'Elon Musk'
58,https://www.cbsnews.com/video/us-embassy-in-iran-shuttered-for-decades-echoes-deep-distrust/,0,www.cbsnews.com,"U.S. Embassy in Iran, shuttered for decades, echoes deep distrust","More than four decades after the U.S. Embassy in Tehran was stormed by student revolutionaries loyal to Ayatollah Khomeini, it remains closed -- a stark reminder of just how deep the distrust runs. Imtiaz Tyab reports.",https://assets1.cbsnewsstatic.com/hub/i/r/2025/07/05/8619445c-db43-4010-aa74-4fa4b5392b24/thumbnail/1200x630/3f58ccb8fbb37f7607d25b67cfc3d2c4/cbsn-fusion-us-embassy-in-iran-shuttered-for-decades-echoes-deep-distrust-thumbnail.jpg,2025-07-05T00:04:00Z,,Copyright ©2025 CBS Interactive Inc. All rights reserved.,,en,'Ayatollah Khomeini'
59,https://www.independent.ie/opinion/letters/letters-europe-needs-to-act-more-like-a-bloc-and-less-like-a-club-of-hopeful-partners/a1665843991.html,0,www.independent.ie,Letters: Europe needs to act more like a bloc and less like a club of hopeful partners,"Donald Trump’s return reminds us that old alliances can no longer rest on sentiment (‘In Trumpian world, our rich ties to US need to be solidified’, Irish Independent, July 4).",https://focus.independent.ie/thumbor/ZEd_p4I1Emn-YMRQn5QPA6jCzRE=/100x0:700x400/600x0/prod-mh-ireland/84f572c3-efa3-4823-a742-b77b048fddc0/f6e3b84f-6af1-47d8-a82c-8abc0adac56a/84f572c3-efa3-4823-a742-b77b048fddc0.jpg,2025-07-05T04:30:00Z,,"Donald Trumps return reminds us that old alliances can no longer rest on sentiment (In Trumpian world, our rich ties to US need to be solidified, Irish Independent, July 4).The age of America First m… [+5296 chars]",,en,'Theodor Herzl'
60,https://www.businessinsider.com/zohran-mamdani-wants-to-freeze-rents-heres-why-its-controversial-2025-7,0,www.businessinsider.com,Zohran Mamdani wants to freeze rents for New Yorkers. Here's why it's controversial.,Tenant advocates and rent-stabilized landlords are warring over the possibility of four years of rent freezes under a future Mamdani mayoralty.,https://i.insider.com/68668c3785e81483682d51a4?width=1200&format=jpeg,2025-07-05T08:08:01Z,,"Zohran Mamdani, New York City's Democratic nominee for mayor, has pledged to replace members of the Rent Guidelines Board with people committed to freezing rents.Barry Williams/Getty Images
<ul><li>… [+8216 chars]",,en,'Zohran Mamdani'
61,https://www.foxnews.com/media/charlie-kirk-urges-gop-hopeful-curtis-sliwa-drop-out-nyc-mayoral-race-stop-mamdani,0,www.foxnews.com,Charlie Kirk urges GOP hopeful Curtis Sliwa to drop out of NYC mayoral race to stop Mamdani,"Speaking with Fox News Digital, Turning Point USA's Charlie Kirk offered advice on how to combat the ""radical"" candidacy of socialist Zohran Mamdani in the New York City mayoral race.",https://static.foxnews.com/foxnews.com/content/uploads/2025/07/charlie-kirk-curtis-sliwa-zohran-mamdani.jpg,2025-07-05T12:48:53Z,,"Turning Point USA founder and conservative firebrand Charlie Kirk says democratic socialist Zohran Mamdani is ""stoppable"" from winning the New York City mayoral race, but only if the opposition coale… [+4091 chars]",,en,'Zohran Mamdani'
62,https://freerepublic.com/focus/f-chat/4326989/posts,0,freerepublic.com,"Its Defenders Need To Understand That ""Capitalism"" Is Not An ""Ism""","Writing in the Wall Street Journal on June 30 (July 1 in the print edition), editorialist Matthew Hennessey advocates that “Capitalism Needs Champions.” Reacting to the victory of avowed socialist Zohran Mamdani in New York City’s mayoral primary, Hennessey s…",,2025-07-05T12:50:09Z,,"Skip to comments.
Its Defenders Need To Understand That ""Capitalism"" Is Not An ""Ism""Manhattan Contrarian ^
 | 3 Jul, 2025
 | Francis Menton
Posted on 07/05/2025 5:50:09 AM PDT by MtnClimber
Writ… [+5854 chars]",,en,'Zohran Mamdani'
63,https://www.theroot.com/why-nyc-mayoral-candidate-zohran-mamdani-tried-to-play-2000048706,0,www.theroot.com,Why NYC Mayoral Candidate Zohran Mamdani Tried To Play The Black Card…Literally,"Mamdani appears to have an interesting past when it comes to how he identifies racially, but what's it really all about?
The post Why NYC Mayoral Candidate Zohran Mamdani Tried To Play The Black Card…Literally appeared first on The Root.",https://s3.amazonaws.com/assets-server.theroot.com/wp-content/uploads/2025/07/04145834/GettyImages-2223244200-scaled.jpg,2025-07-05T12:54:10Z,,"New York City mayoral candidate Zohran Mamdani, running as a Democrat, has shaken up the political world by coming out on top at the recent New York City mayoral primary election. But Mamdani’s being… [+4392 chars]",,en,'Zohran Mamdani'
64,https://nypost.com/2025/07/05/us-news/zohran-mamdani-declares-only-2000-in-bank-in-latest-disclosure/,0,nypost.com,‘Nepo baby’ Zohran Mamdani claims to have less then $2K in the bank — despite his salary and privileged upbringing,"Self-described ""nepo baby"" Zohran Mamdani declared a measly $2,000 in his name in US bank accounts on his 2024 financial disclosure, released this week by the state.",https://nypost.com/wp-content/uploads/sites/2/2025/07/107565636.jpg?quality=75&strip=all&w=1024,2025-07-05T13:00:00Z,,"Self-described “nepo baby” Zohran Mamdani declared a measly $2,000 in the bank on his latest state disclosures.
That’s despite his privileged upbringing and family money — and an annual salary of $1… [+4258 chars]",,en,'Zohran Mamdani'
65,https://freerepublic.com/focus/f-chat/4326992/posts,0,freerepublic.com,The Democratic Socialist Party of America - Zohran Mamdani,"This SITREP is on the Democratic Socialist Party of America (DSA). I’m writing this because of the upcoming high profile NYC Mayor’s race featuring the marxist socialist candidate, Zohran Mamdani. Mamdani is a member of the DSA and he must not be taken lightl…",,2025-07-05T13:15:38Z,,"Skip to comments.
The Democratic Socialist Party of America - Zohran MamdaniGeneral Flynn's Substack - Official ^
 | 3 Jul, 2025
 | Michael T. Flynn LTG USA (RET)
Posted on 07/05/2025 6:15:38 AM … [+3186 chars]",,en,'Zohran Mamdani'
66,https://www.globalresearch.ca/target-tehran-fake-global-war-terror/5893757,0,www.globalresearch.ca,Target Tehran: Setting Up a New Chapter in the Fake “Global War on Terror”. Prof Anthony Hall,"Some very big news continues to coalesce in the minds of those of us who are paying attention to the unfolding contemporary history of these extraordinary times. 
The post Target Tehran: Setting Up a New Chapter in the Fake “Global War on Terror”. Prof Anthon…",https://www.globalresearch.ca/wp-content/uploads/2025/07/iran.jpeg,2025-07-05T13:19:13Z,,"Some very big news continues to coalesce in the minds of those of us who are paying attention to the unfolding contemporary history of these extraordinary times. As it now stands, the Israeli and US … [+20991 chars]",,en,'Ayatollah Khomeini'
67,https://legalinsurrection.com/2025/07/politifact-rushes-to-zohran-mamdanis-rescue-after-trump-calls-him-a-communist/,0,legalinsurrection.com,Politifact Rushes to Zohran Mamdani’s Rescue After Trump Calls Him a Communist,"""I had the impression that Mamdani intended that phrase as lighthearted hyperbole. I see no reason to assume that the phrase conveys anything precise about what he thinks.""
The post Politifact Rushes to Zohran Mamdani’s Rescue After Trump Calls Him a Communis…",https://legalinsurrection.com/wp-content/uploads/2025/06/ZohranMamdani2.jpg,2025-07-05T14:00:09Z,,"The mainstream media has consistently shown over the last eight months that it learned nothing from the 2024 elections.
Unfortunately, the same holds true for their (discredited) partners in the fac… [+6255 chars]",,en,'Zohran Mamdani'
68,https://freerepublic.com/focus/f-chat/4326998/posts,0,freerepublic.com,Trump Just Guaranteed a Republican Landslide in 2026(Mamdani),"When Zohran Mamdani won the Democratic primary for mayor of New York City, many Democrats were less than thrilled. Mamdani’s views were too radioactive. The last thing Democratic leadership wanted was to be seen defending someone so far outside the mainstream…",,2025-07-05T14:11:48Z,,"Skip to comments.
Trump Just Guaranteed a Republican Landslide in 2026(Mamdani)PJ media ^Posted on 07/05/2025 7:11:48 AM PDT by DIRTYSECRET
When Zohran Mamdani won the Democratic primary for mayor … [+2533 chars]",,en,'Zohran Mamdani'
69,http://www.nybooks.com/online/2025/07/05/new-york-world-max-rivlin-nadler/,0,www.nybooks.com,The New York World,"The weekend before the thirty-three-year-old socialist Zohran Mamdani stunned Andrew Cuomo and the city of New York by winning a decisive victory in the mayoral primary race, the NYR Online published an assessment by Max Rivlin-Nadler of the powerful coalitio…",https://www.nybooks.com/wp-content/uploads/2024/02/NYR-Logo-Social-1600px.png,2025-07-05T14:30:00Z,,"The weekend before the thirty-three-year-old socialist Zohran Mamdani stunned Andrew Cuomo and the city of New York by winning a decisive victory in the mayoral primary race, the NYR Online published… [+10312 chars]",,en,'Zohran Mamdani'
70,https://moonbattery.com/limousine-leftist-mamdani-identified-as-black/,0,moonbattery.com,Limousine Leftist Mamdani Identified as Black,"If his fellow wealthy commie rat Elizabeth Warren is an Indian, then Zohran Mamdani is black — when it suits his purposes: Mamdani, the Democratic nominee for mayor of New York City, identified as “Black or African American” on his 2009 Columbia University ap…",https://moonbattery.com/wp/wp-content/uploads/2018/03/moonbattery_logo_square.jpg,2025-07-05T15:31:42Z,,"If his fellow wealthy commie rat Elizabeth Warren is an Indian, then Zohran Mamdani is black when it suits his purposes:
Mamdani, the Democratic nominee for mayor of New York City, identified as “Bl… [+2134 chars]",,en,'Elizabeth Warren'
71,https://www.thegatewaypundit.com/2025/07/former-aoc-supporter-matures-has-message-socialist-mamdani/,0,www.thegatewaypundit.com,"Former AOC Supporter Matures, Has Message for Socialist Mamdani Fans: ‘These Policies Don’t Make Cities Fairer, They Make Them Poorer’ (Video)",A former AOC supporter has a warning for young New York voters who are dazzled by Mayoral candidate Zohran Mamdani’s socialist promises: “These policies don’t make cities fairer; they make them poorer.” Mamdani has been criticized for his radical plans to tra…,https://www.thegatewaypundit.com/wp-content/uploads/2025/07/screen-shot-2025-07-05-at-9.43.16-am_16x9.png,2025-07-05T15:40:32Z,,"Image: @LLBiggers/X
A former AOC supporter has a warning for young New York voters who are dazzled by Mayoral candidate Zohran Mamdani’s socialist promises: “These policies dont make cities fairer; … [+2602 chars]",,en,'Zohran Mamdani'
72,https://crooksandliars.com/2025/07/sorry-conservatives-zohran-mamdani-not,0,crooksandliars.com,"Sorry, Conservatives: Zohran Mamdani Is Not The Antichrist","Let’s be clear about one thing. A Democrat is a Democrat. We have neither the time nor the bandwidth to split policy hairs when the country is being burned to the ground. The only thing we need to know about any Democrat is that they’re not Republican.
The me…",https://crooksandliars.com/files/embeds/2025/07/66176.jpg,2025-07-05T16:05:59Z,,Lets be clear about one thing. A Democrat is a Democrat. We have neither the time nor the bandwidth to split policy hairs when the country is being burned to the ground. The only thing we need to kno… [+7207 chars],,en,'Zohran Mamdani'
73,https://gizmodo.com/elon-musk-leaves-trump-and-maga-with-a-bang-and-a-smile-2000624469,0,gizmodo.com,Elon Musk Leaves Trump and MAGA with a Bang And a Smile,"The world's richest man blew up online MAGA with his new ""America Party"" and seemed to love every minute of the chaos.",https://gizmodo.com/app/uploads/2024/11/Elon-Musk-at-Mar-a-Lago-.jpg,2025-07-05T23:33:22Z,,"The suspense is officially over. On Saturday, July 5, 2025, Elon Musk declared the formation of a new political party, the “America Party,” with the stated aim of dismantling the perceived “uniparty”… [+5308 chars]",,en,'Elon Musk'
74,https://www.businessinsider.com/elon-musk-america-party-2025-7,0,www.businessinsider.com,Elon Musk says he's formed the 'America Party' after a July 4 poll on X showed support,"Tesla CEO Elon Musk has been a harsh critic of President Donald Trump's spending bill, which was signed into law on July 4.",https://i.insider.com/6869b2f33d5881a51c1cbf8f?width=1200&format=jpeg,2025-07-06T00:17:43Z,,"Tesla CEO Elon Musk says he's starting a new political party called the ""America Party.""Mike Segar/REUTERS
<ul><li>Elon Musk said on X that he's forming a new political party amid a feud with Presid… [+2449 chars]",,en,'Elon Musk'
75,https://freerepublic.com/focus/f-chat/4327112/posts,0,freerepublic.com,Iran's Supreme leader attends ceremony marking martyrdom anniversary of Imam Hussein,"Tehran - BORNA - Footages captures the moment the Leader of the Islamic Revolution entered the Imam Khomeini Hussainiyah to attend the fourth night of mourning ceremonies on eve of Ashura. On this ceremony, Leader of the Islamic Revolution, Ayatollah Khamenei…",,2025-07-06T09:22:01Z,,"Skip to comments.
Iran's Supreme leader attends ceremony marking martyrdom anniversary of Imam Hussein
borna.news ^
 | July 6
 | borna.news
Posted on 07/06/2025 2:22:01 AM PDT by RandFan
Tehran… [+1295 chars]",,en,'Ayatollah Khomeini'
76,https://mondoweiss.net/2025/07/new-un-report-reveals-the-companies-getting-rich-off-israeli-occupation-and-genocide/,0,mondoweiss.net,New UN report reveals the companies getting rich off Israeli occupation and genocide,A new report from UN Special Rapporteur Francesca Albanese uncovers the economic interests benefiting from Israel's genocide in Gaza.,https://mondoweiss.net/wp-content/uploads/2025/07/200525_Gaza_APA_ZU_1_004-scaled.jpg,2025-07-06T14:00:00Z,,"The UN Special Rapporteur on the situation of human rights in the Palestinian territories occupied since 1967, Francesca Albanese, issued a seminal report on June 30, titled From economy of occupatio… [+22892 chars]",,en,'Francesca Albanese'
77,https://www.activistpost.com/the-us-empires-72-year-war-on-iran/,0,www.activistpost.com,The US Empire’s 72-Year War on Iran,"The likely temporary Israel-Iran ceasefire notwithstanding, if you need proof of how despicable Donald Trump is, consider this: When asked last week if he would ask Israeli Prime Minister Netanyahu to stop bombing Iran, which had already said it would stop re…",https://www.activistpost.com/wp-content/uploads/2025/07/iran-2697408_1280.jpg,2025-07-07T01:00:00Z,,"The likely temporary Israel-Iran ceasefire notwithstanding, if you need proof of how despicable Donald Trump is, consider this:
When asked last week if he would ask Israeli Prime Minister Netanyahu … [+9091 chars]",,en,'Donald Trump'
78,https://www.independent.ie/world-news/europe/pope-leo-xiv-leaves-the-vatican-for-six-week-holiday-at-his-summer-residence-in-castel-gandolfo/a1612443894.html,0,www.independent.ie,Pope Leo XIV leaves the Vatican for six-week holiday at his summer residence in Castel Gandolfo,Pope Leo XIV headed yesterday to the papal summer residence in Castel Gandolfo for a six-week holiday.,https://focus.independent.ie/thumbor/zjbamAJObSQWP5vodxmaY2qGM6s=/0x0:2894x1929/629x0/prod-mh-ireland/4c99a79c-6dd3-4d3e-9644-abc2e395a346/cebf09fe-6672-464d-9fbd-40c7b253a883/4c99a79c-6dd3-4d3e-9644-abc2e395a346.jpg,2025-07-07T04:30:00Z,,"The town has been a summer haven for pontiffs since the 17th century
Pope Leo XIV headed yesterday to the papal summer residence in Castel Gandolfo for a six-week holiday.
The Pope bid farewell to … [+87 chars]",,en,'Pope Leo'
79,https://www.catholicnewsagency.com/news/265167/vatican-announces-pope-leo-xivs-public-mass-schedule-for-august-and-september,0,www.catholicnewsagency.com,Vatican announces Pope Leo XIV’s public Mass schedule for August and September,"Pope Leo greets throngs of faithful in St. Peter’s Square on June 11, 2025. / Credit: Vatican Media

ACI Prensa Staff, Jul 7, 2025 / 06:00 am (CNA).
The Office for Liturgical Celebrations at the Vatican has announced Pope Leo XIV’s public Mass schedule for Au…",https://www.catholicnewsagency.com/images/p.leo.outside.june.11.2025.jpeg?jpg,2025-07-07T10:00:00Z,,"ACI Prensa Staff, Jul 7, 2025 /
 06:00 am
The Office for Liturgical Celebrations at the Vatican has announced Pope Leo XIVs public Mass schedule for August and September, following his current stay… [+1174 chars]",,en,'Pope Leo'
80,http://www.thehollywoodgossip.com/2025/07/justin-bieber-detox-selfies/,0,www.thehollywoodgossip.com,Justin Bieber Announces ‘Detox’ After Denying Drug Rumors,"Reading Time: 3 minutesJustin has shocked fans yet again.
Justin Bieber Announces ‘Detox’ After Denying Drug Rumors was originally published on The Hollywood Gossip.",https://cdn.thehollywoodgossip.com/uploads/2025/06/0616_justinbieber_header-scaled.jpg,2025-07-07T13:12:42Z,,"Reading Time: 3minutesJustin Bieber is sending mixed signals to his worried fans.
Earlier this year, his reps vehemently denounced reports of the singer’s alleged drug use. This despite Bieber’s app… [+3342 chars]",,en,'Justin Bieber'
81,https://pagesix.com/2025/07/07/celebrity-news/justin-bieber-smiles-in-pda-packed-pics-with-hailey-after-detox-selfies/,0,pagesix.com,Justin Bieber smiles in PDA-packed pics with Hailey after sharing sweaty ‘detox’ selfies,"The ""Love Yourself"" singer insisted his wife, whom he wed in 2018, is his ""forever [and] always"" amid their rumored marriage woes.",https://pagesix.com/wp-content/uploads/sites/3/2025/07/justin-bieber-42-1.jpg?quality=75&strip=all&w=1024,2025-07-07T13:36:57Z,,"One less lonely girl.
Justin Bieber called Hailey Bieber his “forever n always” in a PDA-packed Instagram upload over the weekend.
Hours after the 31-year-old singer made headlines for sharing swea… [+2986 chars]",,en,'Justin Bieber'
82,https://www.usmagazine.com/celebrity-news/news/justin-bieber-sends-subtle-message-about-hailey-bieber-marriage/#article,0,www.usmagazine.com,Justin Bieber Sends Subtle Message About Hailey Bieber Marriage,"Justin Bieber offered insight into his dynamic with wife Hailey Bieber after months of speculation about their marriage. The musician, 31, took to Instagram on Sunday, July 6, to share photos of himself hugging Hailey, 28, with “Careless Whisper” by George Mi…",https://www.usmagazine.com/wp-content/uploads/2025/07/GettyImages-1340159173.jpg?crop=0px%2C414px%2C2625px%2C1379px&resize=1200%2C630&quality=86&strip=all,2025-07-07T13:42:02Z,,"Justin Bieberoffered insight into his dynamic with wife Hailey Bieber after months of speculation about their marriage.
The musician, 31, took to Instagram on Sunday, July 6, to share photos of hims… [+3502 chars]",,en,'Justin Bieber'
83,https://www.tmz.com/2025/07/07/justin-bieber-shares-hugging-wife-hailey-forever-instagram-pda/,0,www.tmz.com,"Justin Bieber Shares Smitten Snaps Hugging Hailey, 'My Forever N Always'","Justin Bieber might be in his feels lately, but one thing he’s holding onto tight -- literally -- is his wife ... 'cause the man had Hailey wrapped up snug like a human security blanket. The singer dropped an IG photo dump Sunday night, clinging…
 Permalink",https://imagez.tmz.com/image/d6/16by9/2025/07/07/d661505176844c778d1e14b2be6b8679_xl.jpg,2025-07-07T15:16:00Z,,"Justin Bieber might be in his feels lately, but one thing hes holding onto tight -- literally -- is his wife ... 'cause the man had Haileywrapped up snug like a human security blanket.
The singer dr… [+755 chars]",,en,'Justin Bieber'
84,https://extratv.com/2025/07/07/justin-bieber-posts-sweaty-detox-photos/,0,extratv.com,Justin Bieber Posts Sweaty ‘Detox’ Photos,"Justin Bieber is giving fans a glimpse of his personal life.
 Over the past few days, he’s shared a video of himself playing with 11-month-old son Jack Blues, a carousel of photos partying with friends as he smokes what appears to be a blunt, and a series of …",https://extra-images.akamaized.net/image/bd/16by9/2025/07/07/bd1ca80c4a784eb2ac3fd3af732afa71_xl.jpg,2025-07-07T15:24:46Z,,"Justin Bieber is giving fans a glimpse of his personal life.
 Over the past few days, he’s shared a video of himself playing with 11-month-old son Jack Blues, a carousel of photos partying with frien… [+1828 chars]",,en,'Justin Bieber'
85,https://www.eonline.com/news/1419499/justin-bieber-reveals-hailey-bieber-relationship-status,0,www.eonline.com,Justin Bieber Has 4 Words for Hailey Bieber Amid Breakup Speculation,"Justin Bieber found his forever favorite girl.
The ""What Do You Mean?"" singer clarified where he and wife Hailey Bieber stand amid ongoing speculation about their marriage.
Justin, 31, posted four...","https://akns-images.eonline.com/eol_images/Entire_Site/20250410/df517b0a-f906-4720-859b-b63877b13ef3_1744316953.jpg?fit=around%7C1080:1080&output-quality=90&crop=1080:1080;center,top",2025-07-07T15:53:48Z,,"Justin Bieber found his forever favorite girl.
The ""What Do You Mean?"" singer clarified where he and wife Hailey Bieber stand amid ongoing speculation about their marriage.
Justin, 31, posted four … [+704 chars]",,en,'Justin Bieber'
86,https://www.timeout.com/chicago/news/a-pope-leo-tour-is-coming-to-chicago-showing-off-the-new-popes-hometown-roots-070725,0,www.timeout.com,"A Pope Leo tour is coming to Chicago, showing off the new pope's hometown roots",The new bus tour will dive into the early years of the first American-born pope,https://media.timeout.com/images/106293557/image.jpg,2025-07-07T16:37:33Z,,"Move over, mob tours—Chicago’s newest sightseeing sensation is all about the real boss: the pope. Starting this August, the Chicago Pope Tour invites you to hop on a four-hour guided bus ride to expl… [+1715 chars]",,en,'Pope Leo'
87,https://radaronline.com/p/justin-bieber-marriage-hailey-four-word-message-detox-drugs-binges/,0,radaronline.com,Justin Bieber Desperately Insists Marriage Isn't Broken With Four-Word Message as He Endures Sweaty Detox After Drug Binges,Justin Bieber attempted to play down issues in his marriage by declaring his love for beleaguered wife Hailey on social media with simple four-word message.,https://media.radaronline.com/brand-img/P4xMKkiUo/1200x628/2-1751902818222.jpg,2025-07-07T16:53:39Z,,"Eyebrows were raised over Bieber's disrespectful public posts about Mother's Day and Baldwin's first solo American Vogue cover.
But the power dynamic has certainly changed between the two-time Gramm… [+536 chars]",,en,'Justin Bieber'
88,https://www.catholicnewsagency.com/news/265219/pope-leo-xiv-given-2-electric-eco-friendly-popemobiles-for-travel,0,www.catholicnewsagency.com,"Pope Leo XIV given 2 electric, eco-friendly ‘popemobiles’ for travel","Two “popemobiles” have been given to Pope Leo XIV. / Credit: Vatican Media

Vatican City, Jul 7, 2025 / 15:34 pm (CNA).
Pope Leo XIV has been given two electric vehicles that can be transported by air and will accompany him on his international travels.Accord…",https://www.catholicnewsagency.com/images/popemobiles070725.jpg?jpg,2025-07-07T19:34:00Z,,"Vatican City, Jul 7, 2025 /
 15:34 pm
Pope Leo XIV has been given two electric vehicles that can be transported by air and will accompany him on his international travels.
According to a statement… [+2190 chars]",,en,'Leo XIV'
89,https://www.activistpost.com/chris-hedges-profiting-from-genocide/,0,www.activistpost.com,Chris Hedges: Profiting From Genocide,"War is a business. So is genocide. The latest report submitted by Francesca Albanese, Special Rapporteur on the Occupied Palestinian Territories, lists 48 corporations and institutions, including Palantir Technologies Inc., Lockheed Martin, Alphabet Inc., Ama…",https://www.activistpost.com/wp-content/uploads/2025/07/Activist-Website-Images-1.jpg,2025-07-07T20:00:00Z,,"War is a business. So is genocide. The latest report submitted by Francesca Albanese, Special Rapporteur on the Occupied Palestinian Territories, lists 48 corporations and institutions, including Pal… [+17499 chars]",,en,'Francesca Albanese'
90,https://economictimes.indiatimes.com/news/international/us/justin-bieber-fears-hailey-is-pulling-away-struggles-with-anger-issues-amid-divorce-rumors/articleshow/122305810.cms,0,economictimes.indiatimes.com,"Justin Bieber fears Hailey is pulling away, struggles with anger issues amid divorce rumors","Justin Bieber is reportedly struggling with anger issues, leading to concerns that his behavior is pushing Hailey away. Despite public appearances together, rumors of marital discord are fueled by Hailey's ringless outings and Justin's emotional struggles. He…","https://img.etimg.com/thumb/msid-122305813,width-1200,height-630,imgsize-980720,overlay-economictimes/articleshow.jpg",2025-07-07T20:05:10Z,,"It looks like Justin and Hailey Bieber's private life is tense. Despite their occasional public outings together, rumors of unrest in paradise are intensifying. Reports say that Justin is trying to d… [+3009 chars]",,en,'Justin Bieber'
91,https://biztoc.com/x/cca360bc77b14252,0,biztoc.com,Pope Leo receives two electric vehicles for his future Apostolic Journeys,"Pope Leo receives two electric vehicles for his future Apostolic Journeys
By Francesca Merlo
Pope Leo XIV has received two custom-built electric vehicles to assist him during his apostolic journeys abroad.
Developed by the Italian company Exelentia in collabo…",https://biztoc.com/cdn/cca360bc77b14252_s.webp,2025-07-07T20:16:17Z,,Pope Leo receives two electric vehicles for his future Apostolic JourneysBy Francesca MerloPope Leo XIV has received two custom-built electric vehicles to assist him during his apostolic journeys abr… [+151 chars],,en,'Leo XIV'
92,https://www.polygon.com/culture/611394/pokemon-popplio-pope-leo-card-autograph,0,www.polygon.com,A Pokémon fan got the Pope to sign his Popplio card,"One recent visitor to the Vatican may have pulled off a historical first: getting the sitting Pope to autograph a Pokémon card. But that Pokémon fan’s interaction with Pope Leo XIV has another layer, because the choice of Pokémon card is so, well, choice. On …",https://platform.polygon.com/wp-content/uploads/sites/2/2025/07/popplio.jpg?quality=90&strip=all&crop=0%2C7.9406631762653%2C100%2C84.118673647469&w=1200,2025-07-07T22:32:35Z,,"One recent visitor to the Vatican may have pulled off a historical first: getting the sitting Pope to autograph a Pokémon card. But that Pokémon fan’s interaction with Pope Leo XIV has another layer,… [+1985 chars]",,en,'Leo XIV'
93,https://freerepublic.com/focus/f-religion/4327416/posts,0,freerepublic.com,[Catholic Caucus] Pope Leo will have much to ponder during his vacation in Castel Gandolfo,"[Catholic Caucus] Pope Leo will have much to ponder during his vacation in Castel GandolfoAs Pope Leo XIV arrives in Castel Gandolfo for his summer break, it is unlikely to be a real vacation for the new pontiff.When Cardinal Robert Francis Prevost was electe…",,2025-07-08T02:30:27Z,,"Skip to comments.
[Catholic Caucus] Pope Leo will have much to ponder during his vacation in Castel GandolfoCrux ^
 | July 6, 2025
 | Charles Collins
Posted on 07/07/2025 7:30:27 PM PDT by ebb ti… [+6734 chars]",,en,'Leo XIV'
94,https://www.commondreams.org/news/albanese-economy-of-genocide,0,www.commondreams.org,Leading Economists Endorse UN Expert's 'Economy of Genocide' Report After Trump Attack,A group of world-renowned economists has penned an open letter expressing support for United Nations expert Francesca Albanese's recent report scrutinizing the integral role that powerful corporations have played in sustaining Israel's genocidal assault on Pa…,https://www.commondreams.org/media-library/image.jpg?id=61177832&width=1200&height=600&coordinates=0%2C84%2C0%2C85,2025-07-08T14:26:34Z,,A group of world-renowned economists has penned an open letter expressing support for United Nations expert Francesca Albanese's recent report scrutinizing the integral role that powerful corporation… [+2886 chars],,en,'Francesca Albanese'
95,https://www.eonline.com/news/1419567/justin-biebers-son-jack-blues-joins-studio-session,0,www.eonline.com,Justin Bieber Brings 10-Month-Old Baby Jack Along for Studio Session,"Justin Bieber’s upcoming project may have a special feature.
After The “Yummy” singer and wife Hailey Bieber’s 10-month-old son Jack Blues Bieber recently accompanied his dad to session in the...","https://akns-images.eonline.com/eol_images/Entire_Site/20250520/fea9a126-4d48-458a-8c0c-43bf4e0a2b69_1747765695.jpg?fit=around%7C1080:1080&output-quality=90&crop=1080:1080;center,top",2025-07-08T16:02:04Z,,"Justin Biebers upcoming project may have a special feature.
After The Yummy singer and wife Hailey Biebers 10-month-old son Jack Blues Bieber recently accompanied his dad to session in the studio. … [+842 chars]",,en,'Justin Bieber'
96,https://www.businessinsider.com/finance-industry-immigration-trump-work-abroad-poaching-opportunity-2025-7,0,www.businessinsider.com,Wall Street is getting worried about Trump's immigration policies,BI spoke with experts across the financial world about how Trump's immigration crackdown could reshape the industry — and what might be next.,https://i.insider.com/686e4edbf748d8c055f53a39?width=1200&format=jpeg,2025-07-09T12:09:43Z,,"Good morning. It's shaping up to be a busy summer for the world's wealthiest
. Having celebrated the wedding of Jeff Bezos and Lauren Sánchez
 earlier this month, the likes of Sam Altman and Andy J… [+7094 chars]",,en,'nan nan'
97,https://gizmodo.com/pope-leo-signed-popplio-card-pokemon-2000626305,0,gizmodo.com,Pope Leo Signed a Popplio ‘Pokémon’ Card in the Cutest Vatican Sanctioned Interaction,The autograph may make the card the holiest collectible ever.,https://gizmodo.com/app/uploads/2025/07/Pope-Leo-Popploi-©-ALBERTO-PIZZOLIAFP-via-Getty-ImagesPokemon-1200x675.jpg,2025-07-09T15:00:12Z,,"One Pokémon fan traveled across the land and searched far and wide to find Pope Leo XIV with a Popplio card in hand for a truly delightful interaction.
The meeting took place at the Vatican, where r… [+1854 chars]",,en,'Pope Leo'
98,https://www.yahoo.com/news/pope-leo-hosts-ukraines-zelenskyy-155544875.html,0,www.yahoo.com,Pope Leo hosts Ukraine's Zelenskyy at summer residence in Castel Gandolfo,Ukraine President Volodymyr Zelenskyy met with Pope Leo XIV on Wednesday and thanked him for the Vatican’s efforts to return children taken by Russia and...,https://s.yimg.com/ny/api/res/1.2/u4nVItBpVkacoAyQOUbJUw--/YXBwaWQ9aGlnaGxhbmRlcjt3PTEyMDA7aD02NzU7Y2Y9d2VicA--/https://cf-images.us-east-1.prod.boltdns.net/v1/jit/6415665815001/33eeee0d-0008-4e52-9f5a-f769cb534c79/main/1280x720/31s754ms/match/image.jpg,2025-07-09T15:55:44Z,,Ukraine President Volodymyr Zelenskyy met with Pope Leo XIV on Wednesday and thanked him for the Vaticans efforts to return children taken by Russia and again suggested the Vatican could host peace t… [+4 chars],,en,'Leo XIV'
99,https://nypost.com/2025/07/09/us-news/marco-rubio-unveils-sanctions-against-un-palestinian-envoy-over-anti-israel-and-us-campaign/,0,nypost.com,Rubio unveils sanctions against UN Palestinian rapporteur over anti-Israel and US campaign,"Secretary of State Marco Rubio unveiled sanctions against UN rapporteur on Palestinian rights Francesca Albanese, just over a week after the US demanded she be fired for ""virulent antisemitism and support for terrorism.""",https://nypost.com/wp-content/uploads/sites/2/2025/07/107896061-1.jpg?quality=75&strip=all&w=1024,2025-07-09T19:11:14Z,,Secretary of State Marco Rubio unveiled sanctions against the UN rapporteur on Palestinian rights just over a week after the US demanded she be fired for “virulent antisemitism and support for terror… [+4695 chars],,en,'Marco Rubio'
100,https://freebeacon.com/trump-administration/trump-admin-sanctions-un-palestinian-rights-envoy-over-illegitimate-and-shameful-anti-israel-pressure-campaign/,0,freebeacon.com,Trump Admin Sanctions UN Palestinian Rights Envoy Over 'Illegitimate and Shameful' Anti-Israel Pressure Campaign,"The Trump administration on Wednesday formally sanctioned United Nations special rapporteur Francesca Albanese ""for her illegitimate and shameful efforts to prompt International Criminal Court action against U.S. and Israeli officials, companies, and executiv…",https://freebeacon.com/wp-content/uploads/2025/07/MixCollage-09-Jul-2025-03-37-PM-6365-e1752090004446.jpg,2025-07-09T20:40:42Z,,"The Trump administration on Wednesday formally sanctioned United Nations special rapporteur Francesca Albanese ""for her illegitimate and shameful efforts to prompt International Criminal Court action… [+3198 chars]",,en,'Francesca Albanese'
101,https://www.commondreams.org/news/rubio-sanctions-albanese,0,www.commondreams.org,"In 'Lawless, Vile Act,' Trump Admin Sanctions UN Expert Critical of Israeli Genocide in Gaza","Defenders of Palestine and the rule of law on Wednesday condemned Secretary of State Marco Rubio's announcement of sanctions targeting United Nations expert Francesca Albanese, one of the most outspoken critics of Israel's U.S.-backed genocidal war on the Gaz…",https://www.commondreams.org/media-library/image.jpg?id=60413375&width=1200&height=600&coordinates=0%2C92%2C0%2C93,2025-07-09T23:55:54Z,,"Defenders of Palestine and the rule of law on Wednesday condemned Secretary of State Marco Rubio's announcement of sanctions targeting United Nations expert Francesca Albanese, one of the most outspo… [+5379 chars]",,en,'Francesca Albanese'
102,https://consent.yahoo.com/v2/collectConsent?sessionId=1_cc-session_13538227-d72e-47db-be30-40feeef89ec2,0,consent.yahoo.com,Trump administration sanctions UN expert Francesca Albanese over criticism of Israel’s war on Gaza,,,2025-07-10T05:57:29Z,,"If you click 'Accept all', we and our partners, including 236 who are part of the IAB Transparency &amp; Consent Framework, will also store and/or access information on a device (in other words, use … [+714 chars]",,en,'Francesca Albanese'
103,https://news.sky.com/story/un-expert-francesca-albanese-who-spoke-to-sky-news-about-economy-of-genocide-in-gaza-sanctioned-by-us-13394963,0,news.sky.com,UN expert who spoke to Sky News about 'economy of genocide' in Gaza sanctioned by US,"UN expert Francesca Albanese has been sanctioned by the Trump Administration days after telling Sky News that several large US companies were involved in an ""economy of genocide"" in Gaza.",https://e3.365dm.com/25/07/1600x900/skynews-francesca-albanese_6959739.jpg?20250707220654,2025-07-10T11:17:00Z,,"UN expert Francesca Albanese has been sanctioned by the Trump Administration days after telling Sky News that several large US companies were involved in an ""economy of genocide"" in Gaza.
Ms Albanes… [+3694 chars]",,en,'Francesca Albanese'
https://deadline.com/lists/comic-con-2025-schedule/,https://deadline.com/lists/comic-con-2025-schedule/,0,deadline.com,Comic-Con 2025 Movie & TV Panel Schedule: From ‘Percy Jackson’ To ‘Paradise’,"San-Diego Comic-Con is right around the corner, and the programming schedule is finally rolling out. If you thought this might be a sleepy year without Marvel’s signature Hall H panel, think again. From fan-favorite returners like Anne Rice’s Interview with a…",https://deadline.com/wp-content/uploads/2025/07/Comic-Con-2025-Sked-List.jpg?w=1000,2025-07-10T20:15:00Z,,Bob’s Burgers(20th Television Animation/Hulu/Fox). Creator and executive producer Loren Bouchard and supervising director Bernard Derriman will break news about the upcoming milestone 300th episode w… [+3670 chars],,en,'Jack Ma'
